email_id,true_label,source,phishing_characteristics,phishing_persuasion,phishing_final_assessment,etiquette,content,personalization,personalization_persuasion
0,1,Nazario,1,1,1,0,0,1.0,0.0
1,1,Nazario,1,1,1,0,0,1.0,0.0
2,1,Nazario,1,1,1,0,0,1.0,0.0
3,1,Nazario,0,0,0,1,1,1.0,1.0
4,1,Nazario,0,0,0,1,1,1.0,1.0
5,1,Nazario,1,1,1,0,0,1.0,0.0
6,1,Nazario,0,0,0,1,1,1.0,1.0
7,1,Nazario,1,1,1,0,0,1.0,0.0
8,1,Nazario,1,1,1,0,0,1.0,0.0
9,1,Nazario,0,0,0,1,1,1.0,1.0
10,1,Nazario,0,0,0,1,1,1.0,1.0
11,1,Nazario,1,1,1,0,0,1.0,0.0
12,1,Nazario,0,0,0,1,1,1.0,1.0
13,1,Nazario,0,0,0,1,1,1.0,1.0
14,1,Nazario,1,1,1,0,0,1.0,0.0
15,1,Nazario,0,0,0,1,1,1.0,1.0
16,1,Nazario,0,0,0,1,1,1.0,0.0
17,1,Nazario,0,0,0,1,1,1.0,1.0
18,1,Nazario,0,0,0,1,1,1.0,1.0
19,1,Nazario,0,0,0,1,1,1.0,1.0
20,1,Nazario,0,0,0,1,1,1.0,1.0
21,1,Nazario,0,0,0,1,1,1.0,1.0
22,1,Nazario,1,1,1,0,0,1.0,0.0
23,1,Nazario,1,1,1,0,0,0.0,0.0
24,1,Nazario,1,1,1,0,0,1.0,0.0
25,1,Nazario,1,1,1,0,0,1.0,0.0
26,1,Nazario,1,1,1,0,0,0.0,0.0
27,1,Nazario,1,1,1,0,0,1.0,0.0
28,1,Nazario,0,0,0,1,1,1.0,1.0
29,1,Nazario,1,1,1,0,0,1.0,0.0
30,1,Nazario,0,0,0,1,1,1.0,1.0
31,1,Nazario,0,0,0,1,1,1.0,1.0
32,1,Nazario,0,0,0,1,1,1.0,1.0
33,1,Nazario,0,0,0,1,1,1.0,1.0
34,1,Nazario,0,0,0,1,1,1.0,1.0
35,1,Nazario,0,0,0,1,1,1.0,1.0
36,1,Nazario,0,0,0,1,1,1.0,1.0
37,1,Nazario,1,1,1,0,0,1.0,0.0
38,1,Nazario,1,1,1,0,0,0.0,0.0
39,1,Nazario,1,1,1,0,0,0.0,0.0
40,1,Nazario,0,0,0,1,1,1.0,1.0
41,1,Nazario,1,1,1,0,0,1.0,0.0
42,1,Nazario,0,0,0,1,1,1.0,1.0
43,1,Nazario,0,0,0,1,1,1.0,1.0
44,1,Nazario,0,0,0,1,1,1.0,1.0
45,1,Nazario,1,1,1,0,0,1.0,0.0
46,1,Nazario,0,0,0,1,1,1.0,1.0
47,1,Nazario,0,0,0,1,1,1.0,1.0
48,1,Nazario,1,1,1,0,0,0.0,0.0
49,1,Nazario,0,0,0,1,1,1.0,1.0
50,1,Nazario,0,0,0,1,1,1.0,1.0
51,1,Nazario,0,0,0,1,1,1.0,1.0
52,1,Nazario,0,0,0,1,1,1.0,1.0
53,1,Nazario,0,0,0,1,1,1.0,1.0
54,1,Nazario,0,0,0,1,1,1.0,1.0
55,1,Nazario,1,0,1,1,0,1.0,0.0
56,1,Nazario,0,0,0,1,1,1.0,1.0
57,1,Nazario,0,0,0,1,1,1.0,1.0
58,1,Nazario,0,0,0,1,1,1.0,1.0
59,1,Nazario,1,1,1,0,0,1.0,0.0
60,1,Nazario,0,0,0,1,1,1.0,1.0
61,1,Nazario,1,1,1,0,0,1.0,0.0
62,1,Nazario,0,0,0,1,1,1.0,1.0
63,1,Nazario,1,1,1,0,0,0.0,0.0
64,1,Nazario,0,0,0,1,1,1.0,1.0
65,1,Nazario,0,0,0,1,1,1.0,1.0
66,1,Nazario,0,0,0,1,1,1.0,1.0
67,1,Nazario,0,0,0,1,1,1.0,1.0
68,1,Nazario,0,0,0,1,1,1.0,1.0
69,1,Nazario,0,0,0,1,1,1.0,1.0
70,1,Nazario,1,1,1,0,0,1.0,0.0
71,1,Nazario,0,0,0,1,1,1.0,1.0
72,1,Nazario,1,1,1,0,0,1.0,0.0
73,1,Nazario,0,0,0,1,1,1.0,1.0
74,1,Nazario,0,0,0,1,1,1.0,1.0
75,1,Nigerian Fraud,1,1,1,0,0,0.0,0.0
76,1,Nigerian Fraud,1,1,1,0,0,0.0,0.0
77,1,Nigerian Fraud,1,1,1,0,0,0.0,0.0
78,1,Nigerian Fraud,1,1,1,0,0,0.0,0.0
79,1,Nigerian Fraud,1,1,1,0,0,0.0,0.0
80,1,Nigerian Fraud,1,1,1,0,0,0.0,0.0
81,1,Nigerian Fraud,1,1,1,0,0,0.0,0.0
82,1,Nigerian Fraud,0,0,0,1,1,1.0,1.0
83,1,Nigerian Fraud,1,1,1,0,0,0.0,0.0
84,1,Nigerian Fraud,0,0,0,1,1,1.0,1.0
85,1,Nigerian Fraud,0,0,0,1,1,0.0,0.0
86,1,Nigerian Fraud,1,1,1,0,0,0.0,0.0
87,1,Nigerian Fraud,0,0,0,1,1,1.0,1.0
88,1,Nigerian Fraud,0,0,0,1,1,1.0,1.0
89,1,Nigerian Fraud,1,1,1,0,0,0.0,0.0
90,1,Nigerian Fraud,1,1,1,0,0,0.0,0.0
91,1,Nigerian Fraud,0,0,0,1,1,1.0,1.0
92,1,Nigerian Fraud,0,0,0,1,1,1.0,1.0
93,1,Nigerian Fraud,0,0,0,1,1,1.0,1.0
94,1,Nigerian Fraud,1,1,1,0,0,0.0,0.0
95,1,Nigerian Fraud,1,1,1,0,0,0.0,0.0
96,1,Nigerian Fraud,0,0,0,1,1,0.0,0.0
97,1,Nigerian Fraud,1,1,1,0,0,0.0,0.0
98,1,Nigerian Fraud,1,1,1,0,0,0.0,0.0
99,1,Nigerian Fraud,0,0,0,1,1,0.0,1.0
100,1,Nigerian Fraud,1,1,1,0,0,0.0,0.0
101,1,Nigerian Fraud,0,0,0,1,1,1.0,1.0
102,1,Nigerian Fraud,0,0,0,1,1,0.0,0.0
103,1,Nigerian Fraud,1,1,1,0,0,0.0,0.0
104,1,Nigerian Fraud,1,1,1,0,0,0.0,0.0
105,1,Nigerian Fraud,0,0,0,1,1,1.0,1.0
106,1,Nigerian Fraud,0,0,0,1,1,1.0,1.0
107,1,Nigerian Fraud,0,0,0,1,0,0.0,0.0
108,1,Nigerian Fraud,1,1,1,0,0,0.0,0.0
109,1,Nigerian Fraud,0,0,0,1,0,0.0,0.0
110,1,Nigerian Fraud,1,1,1,0,0,0.0,0.0
111,1,Nigerian Fraud,0,0,0,1,1,1.0,1.0
112,1,Nigerian Fraud,1,1,1,0,0,0.0,0.0
113,1,Nigerian Fraud,0,0,0,1,0,1.0,0.0
114,1,Nigerian Fraud,1,1,1,0,0,0.0,0.0
115,1,Nigerian Fraud,0,0,0,1,1,1.0,1.0
116,1,Nigerian Fraud,0,0,0,1,1,1.0,1.0
117,1,Nigerian Fraud,1,1,1,0,0,0.0,0.0
118,1,Nigerian Fraud,0,0,0,1,1,1.0,1.0
119,1,Nigerian Fraud,1,1,1,0,0,0.0,0.0
120,1,Nigerian Fraud,0,0,0,1,1,1.0,1.0
121,1,Nigerian Fraud,1,1,1,0,0,0.0,0.0
122,1,Nigerian Fraud,1,1,1,0,0,0.0,0.0
123,1,Nigerian Fraud,1,1,1,0,0,0.0,0.0
124,1,Nigerian Fraud,1,1,1,0,0,0.0,0.0
125,1,Nigerian Fraud,1,1,1,0,0,0.0,0.0
126,1,Nigerian Fraud,0,0,0,1,1,0.0,0.0
127,1,Nigerian Fraud,0,0,0,1,1,0.0,0.0
128,1,Nigerian Fraud,1,1,1,0,0,0.0,0.0
129,1,Nigerian Fraud,0,0,0,1,1,0.0,0.0
130,1,Nigerian Fraud,1,1,1,0,0,0.0,0.0
131,1,Nigerian Fraud,1,1,1,0,0,0.0,0.0
132,1,Nigerian Fraud,0,0,0,1,1,0.0,0.0
133,1,Nigerian Fraud,0,0,0,1,1,0.0,0.0
134,1,Nigerian Fraud,0,0,0,1,1,0.0,0.0
135,1,Nigerian Fraud,0,0,0,1,1,1.0,1.0
136,1,Nigerian Fraud,1,1,1,0,0,0.0,0.0
137,1,Nigerian Fraud,1,1,1,0,0,0.0,0.0
138,1,Nigerian Fraud,1,1,1,0,0,0.0,0.0
139,1,Nigerian Fraud,1,1,1,0,0,0.0,0.0
140,1,Nigerian Fraud,1,1,1,0,0,0.0,0.0
141,1,Nigerian Fraud,0,0,0,1,1,1.0,1.0
142,1,Nigerian Fraud,1,1,1,0,0,0.0,0.0
143,1,Nigerian Fraud,0,0,0,1,1,1.0,1.0
144,1,Nigerian Fraud,0,0,0,1,1,1.0,1.0
145,1,Nigerian Fraud,1,1,1,0,0,0.0,0.0
146,1,Nigerian Fraud,0,0,0,1,1,0.0,0.0
147,1,Nigerian Fraud,0,0,0,1,1,0.0,0.0
148,1,Nigerian Fraud,0,0,0,1,1,1.0,1.0
149,1,Nigerian Fraud,1,1,1,0,0,0.0,0.0
150,1,CEAS_08,1,1,1,0,0,0.0,0.0
151,1,CEAS_08,1,1,1,0,0,0.0,0.0
152,1,CEAS_08,0,0,0,1,0,1.0,0.0
153,1,CEAS_08,0,0,0,1,1,1.0,1.0
154,1,CEAS_08,0,0,0,1,1,1.0,1.0
155,1,CEAS_08,0,0,0,1,1,1.0,1.0
156,1,CEAS_08,0,0,0,1,1,1.0,1.0
157,1,CEAS_08,0,0,0,1,1,1.0,1.0
158,1,CEAS_08,0,0,0,1,1,1.0,1.0
159,1,CEAS_08,0,0,0,1,1,1.0,1.0
160,1,CEAS_08,0,0,0,1,0,0.0,0.0
161,1,CEAS_08,0,0,0,1,1,1.0,1.0
162,1,CEAS_08,0,0,0,1,1,1.0,1.0
163,1,CEAS_08,0,0,0,1,0,1.0,0.0
164,1,CEAS_08,1,1,1,0,0,0.0,0.0
165,1,CEAS_08,0,0,0,1,1,1.0,1.0
166,1,CEAS_08,0,0,0,1,1,1.0,1.0
167,1,CEAS_08,1,1,1,0,0,0.0,0.0
168,1,CEAS_08,0,0,0,1,1,1.0,1.0
169,1,CEAS_08,0,0,0,1,0,1.0,0.0
170,1,CEAS_08,0,0,0,1,1,1.0,1.0
171,1,CEAS_08,0,0,0,1,1,1.0,1.0
172,1,CEAS_08,0,0,0,1,1,1.0,0.0
173,1,CEAS_08,0,0,0,1,1,1.0,1.0
174,1,CEAS_08,0,0,0,1,1,0.0,0.0
175,1,CEAS_08,0,0,0,1,1,1.0,1.0
176,1,CEAS_08,0,0,0,1,1,1.0,1.0
177,1,CEAS_08,0,0,0,1,1,1.0,1.0
178,1,CEAS_08,0,0,0,0,0,1.0,0.0
179,1,CEAS_08,0,0,0,1,1,1.0,1.0
180,1,CEAS_08,0,0,0,1,1,1.0,1.0
181,1,CEAS_08,0,0,0,1,0,1.0,0.0
182,1,CEAS_08,0,0,0,1,1,0.0,0.0
183,1,CEAS_08,0,0,0,1,1,1.0,1.0
184,1,CEAS_08,0,0,0,1,1,1.0,1.0
185,1,CEAS_08,0,0,0,1,1,1.0,1.0
186,1,CEAS_08,0,0,0,1,1,1.0,1.0
187,1,CEAS_08,1,1,1,0,0,0.0,0.0
188,1,CEAS_08,0,0,0,1,1,1.0,1.0
189,1,CEAS_08,0,0,0,1,1,1.0,1.0
190,1,CEAS_08,0,0,0,1,1,1.0,1.0
191,1,CEAS_08,0,0,0,1,1,1.0,1.0
192,1,CEAS_08,0,0,0,1,1,1.0,1.0
193,1,CEAS_08,0,0,0,1,0,0.0,0.0
194,1,CEAS_08,0,0,0,1,1,1.0,1.0
195,1,CEAS_08,0,0,0,1,1,1.0,1.0
196,1,CEAS_08,0,0,0,1,1,1.0,1.0
197,1,CEAS_08,1,1,1,0,0,0.0,0.0
198,1,CEAS_08,0,0,0,1,1,1.0,1.0
199,1,CEAS_08,0,0,0,1,1,1.0,0.0
200,1,CEAS_08,0,0,0,1,1,1.0,1.0
201,1,CEAS_08,0,0,0,1,1,1.0,1.0
202,1,CEAS_08,0,0,0,1,1,0.0,0.0
203,1,CEAS_08,0,0,0,1,1,1.0,1.0
204,1,CEAS_08,0,0,0,1,1,1.0,1.0
205,1,CEAS_08,0,0,0,1,1,1.0,1.0
206,1,CEAS_08,0,0,0,1,1,1.0,1.0
207,1,CEAS_08,0,0,0,1,1,1.0,1.0
208,1,CEAS_08,0,0,0,1,1,1.0,1.0
209,1,CEAS_08,0,0,0,1,1,1.0,1.0
210,1,CEAS_08,0,0,0,1,0,0.0,0.0
211,1,CEAS_08,0,0,0,1,1,1.0,1.0
212,1,CEAS_08,0,0,0,1,1,1.0,1.0
213,1,CEAS_08,0,0,0,1,1,1.0,1.0
214,1,CEAS_08,0,0,0,1,1,1.0,1.0
215,1,CEAS_08,0,0,0,1,1,1.0,1.0
216,1,CEAS_08,0,0,0,1,1,1.0,1.0
217,1,CEAS_08,0,0,0,1,1,1.0,1.0
218,1,CEAS_08,0,0,0,1,1,1.0,1.0
219,1,CEAS_08,0,0,0,1,0,1.0,0.0
220,1,CEAS_08,1,1,1,0,0,0.0,0.0
221,1,CEAS_08,0,0,0,1,1,1.0,1.0
222,1,CEAS_08,0,0,0,1,1,1.0,1.0
223,1,CEAS_08,0,0,0,1,1,1.0,1.0
224,1,CEAS_08,0,0,0,1,1,1.0,1.0
225,0,CEAS_08,0,0,0,1,1,1.0,1.0
226,0,CEAS_08,0,0,0,1,1,1.0,1.0
227,0,CEAS_08,0,0,0,1,1,1.0,1.0
228,0,CEAS_08,0,0,0,1,1,1.0,1.0
229,0,CEAS_08,0,0,0,1,1,1.0,1.0
230,0,CEAS_08,0,0,0,1,1,1.0,1.0
231,0,CEAS_08,0,0,0,1,1,1.0,1.0
232,0,CEAS_08,0,0,0,1,1,1.0,1.0
233,0,CEAS_08,0,0,0,1,1,1.0,1.0
234,0,CEAS_08,0,0,0,1,1,1.0,1.0
235,0,CEAS_08,0,0,0,1,1,1.0,1.0
236,0,CEAS_08,0,0,0,1,1,1.0,1.0
237,0,CEAS_08,0,0,0,1,1,1.0,1.0
238,0,CEAS_08,0,0,0,1,1,1.0,1.0
239,0,CEAS_08,0,0,0,1,1,1.0,1.0
240,0,CEAS_08,0,0,0,1,1,1.0,1.0
241,0,CEAS_08,0,0,0,1,1,1.0,1.0
242,0,CEAS_08,0,0,0,1,1,1.0,1.0
243,0,CEAS_08,0,0,0,1,1,1.0,1.0
244,0,CEAS_08,0,0,0,1,1,1.0,1.0
245,0,CEAS_08,0,0,0,1,1,1.0,1.0
246,0,CEAS_08,0,0,0,1,1,1.0,1.0
247,0,CEAS_08,0,0,0,1,1,1.0,1.0
248,0,CEAS_08,0,0,0,1,1,1.0,1.0
249,0,CEAS_08,0,0,0,1,1,1.0,1.0
250,0,CEAS_08,0,0,0,1,1,1.0,1.0
251,0,CEAS_08,0,0,0,1,1,1.0,1.0
252,0,CEAS_08,0,0,0,1,1,1.0,1.0
253,0,CEAS_08,0,0,0,1,1,1.0,1.0
254,0,CEAS_08,0,0,0,1,1,1.0,1.0
255,0,CEAS_08,0,0,0,1,1,1.0,1.0
256,0,CEAS_08,0,0,0,1,1,1.0,1.0
257,0,CEAS_08,0,0,0,1,1,1.0,1.0
258,0,CEAS_08,0,0,0,1,1,1.0,1.0
259,0,CEAS_08,0,0,0,1,1,1.0,1.0
260,0,CEAS_08,0,0,0,1,1,1.0,1.0
261,0,CEAS_08,0,0,0,1,1,1.0,1.0
262,0,CEAS_08,0,0,0,1,1,1.0,1.0
263,0,CEAS_08,0,0,0,1,1,1.0,1.0
264,0,CEAS_08,0,0,0,1,1,1.0,1.0
265,0,CEAS_08,0,0,0,1,1,1.0,1.0
266,0,CEAS_08,0,0,0,1,1,1.0,1.0
267,0,CEAS_08,0,0,0,1,1,1.0,1.0
268,0,CEAS_08,0,0,0,1,1,1.0,1.0
269,0,CEAS_08,0,0,0,1,1,1.0,1.0
270,0,CEAS_08,0,0,0,1,1,1.0,1.0
271,0,CEAS_08,0,0,0,1,1,1.0,1.0
272,0,CEAS_08,0,0,0,1,1,1.0,1.0
273,0,CEAS_08,0,0,0,1,1,1.0,1.0
274,0,CEAS_08,0,0,0,1,1,1.0,1.0
275,0,CEAS_08,0,0,0,1,1,1.0,1.0
276,0,CEAS_08,0,0,0,1,1,1.0,1.0
277,0,CEAS_08,0,0,0,1,1,1.0,1.0
278,0,CEAS_08,0,0,0,1,1,1.0,1.0
279,0,CEAS_08,0,0,0,1,1,1.0,1.0
280,0,CEAS_08,0,0,0,1,1,1.0,1.0
281,0,CEAS_08,0,0,0,1,1,1.0,1.0
282,0,CEAS_08,0,0,0,1,1,1.0,1.0
283,0,CEAS_08,0,0,0,1,1,1.0,1.0
284,0,CEAS_08,0,0,0,1,1,1.0,1.0
285,0,CEAS_08,0,0,0,1,1,1.0,1.0
286,0,CEAS_08,0,0,0,1,1,1.0,1.0
287,0,CEAS_08,0,0,0,1,1,1.0,1.0
288,0,CEAS_08,0,0,0,1,1,1.0,1.0
289,0,CEAS_08,0,0,0,1,1,1.0,1.0
290,0,CEAS_08,0,0,0,1,1,1.0,1.0
291,0,CEAS_08,0,0,0,1,1,1.0,1.0
292,0,CEAS_08,0,0,0,1,1,1.0,1.0
293,0,CEAS_08,0,0,0,1,1,1.0,1.0
294,0,CEAS_08,0,0,0,1,1,1.0,1.0
295,0,CEAS_08,0,0,0,1,1,1.0,1.0
296,0,CEAS_08,0,0,0,1,1,1.0,1.0
297,0,CEAS_08,0,0,0,1,1,1.0,1.0
298,0,CEAS_08,0,0,0,1,1,1.0,1.0
299,0,CEAS_08,0,0,0,1,1,1.0,1.0
300,0,CEAS_08,0,0,0,1,1,1.0,1.0
301,0,CEAS_08,0,0,0,1,1,1.0,1.0
302,0,CEAS_08,0,0,0,1,1,1.0,1.0
303,0,CEAS_08,0,0,0,1,1,1.0,1.0
304,0,CEAS_08,0,0,0,1,1,1.0,1.0
305,0,CEAS_08,0,0,0,1,1,1.0,1.0
306,0,CEAS_08,0,0,0,1,1,1.0,1.0
307,0,CEAS_08,0,0,0,1,1,1.0,1.0
308,0,CEAS_08,0,0,0,1,1,1.0,1.0
309,0,CEAS_08,0,0,0,1,1,1.0,1.0
310,0,CEAS_08,0,0,0,1,1,1.0,1.0
311,0,CEAS_08,0,0,0,1,1,1.0,1.0
312,0,CEAS_08,0,0,0,1,1,1.0,1.0
313,0,CEAS_08,0,0,0,1,1,1.0,1.0
314,0,CEAS_08,0,0,0,1,1,1.0,1.0
315,0,CEAS_08,0,0,0,1,1,1.0,1.0
316,0,CEAS_08,0,0,0,1,1,1.0,1.0
317,0,CEAS_08,0,0,0,1,1,1.0,1.0
318,0,CEAS_08,0,0,0,1,1,1.0,1.0
319,0,CEAS_08,0,0,0,1,1,1.0,1.0
320,0,CEAS_08,0,0,0,1,1,1.0,1.0
321,0,CEAS_08,0,0,0,1,1,1.0,1.0
322,0,CEAS_08,0,0,0,1,1,1.0,1.0
323,0,CEAS_08,0,0,0,1,1,1.0,1.0
324,0,CEAS_08,0,0,0,1,1,1.0,1.0
325,0,CEAS_08,0,0,0,1,1,1.0,1.0
326,0,CEAS_08,0,0,0,1,1,1.0,1.0
327,0,CEAS_08,0,0,0,1,1,1.0,1.0
328,0,CEAS_08,0,0,0,1,1,1.0,1.0
329,0,CEAS_08,0,0,0,1,1,1.0,1.0
330,0,CEAS_08,0,0,0,1,1,1.0,1.0
331,0,CEAS_08,0,0,0,1,1,1.0,1.0
332,0,CEAS_08,0,0,0,1,1,1.0,1.0
333,0,CEAS_08,0,0,0,1,1,1.0,1.0
334,0,CEAS_08,0,0,0,1,1,1.0,1.0
335,0,CEAS_08,0,0,0,1,1,1.0,1.0
336,0,CEAS_08,0,0,0,1,1,1.0,1.0
337,0,CEAS_08,0,0,0,1,1,1.0,1.0
338,0,CEAS_08,0,0,0,1,1,1.0,1.0
339,0,CEAS_08,0,0,0,1,1,1.0,1.0
340,0,CEAS_08,0,0,0,1,1,1.0,1.0
341,0,CEAS_08,0,0,0,1,1,1.0,1.0
342,0,CEAS_08,0,0,0,1,1,1.0,1.0
343,0,CEAS_08,0,0,0,1,1,1.0,1.0
344,0,CEAS_08,0,0,0,1,1,1.0,1.0
345,0,CEAS_08,0,0,0,1,1,1.0,1.0
346,0,CEAS_08,0,0,0,1,1,1.0,1.0
347,0,CEAS_08,0,0,0,1,1,1.0,1.0
348,0,CEAS_08,0,0,0,1,1,1.0,1.0
349,0,CEAS_08,0,0,0,1,1,1.0,1.0
350,0,CEAS_08,0,0,0,1,1,1.0,1.0
351,0,CEAS_08,0,0,0,1,1,1.0,1.0
352,0,CEAS_08,0,0,0,1,1,1.0,1.0
353,0,CEAS_08,0,0,0,1,1,1.0,1.0
354,0,CEAS_08,0,0,0,1,1,1.0,1.0
355,0,CEAS_08,0,0,0,1,1,1.0,1.0
356,0,CEAS_08,0,0,0,1,1,1.0,1.0
357,0,CEAS_08,0,0,0,1,1,1.0,1.0
358,0,CEAS_08,0,0,0,1,1,1.0,1.0
359,0,CEAS_08,0,0,0,1,1,1.0,1.0
360,0,CEAS_08,0,0,0,1,1,1.0,1.0
361,0,CEAS_08,0,0,0,1,1,1.0,1.0
362,0,CEAS_08,0,0,0,1,1,1.0,1.0
363,0,CEAS_08,0,0,0,1,1,1.0,1.0
364,0,CEAS_08,0,0,0,1,1,1.0,1.0
365,0,CEAS_08,0,0,0,1,1,1.0,1.0
366,0,CEAS_08,0,0,0,1,1,1.0,1.0
367,0,CEAS_08,0,0,0,1,1,1.0,1.0
368,0,CEAS_08,0,0,0,1,1,1.0,1.0
369,0,CEAS_08,0,0,0,1,1,1.0,1.0
370,0,CEAS_08,0,0,0,1,1,1.0,1.0
371,0,CEAS_08,0,0,0,1,1,1.0,1.0
372,0,CEAS_08,0,0,0,1,1,1.0,1.0
373,0,CEAS_08,0,0,0,1,1,1.0,1.0
374,0,CEAS_08,0,0,0,1,1,1.0,1.0
375,1,Enron,0,0,0,1,1,1.0,1.0
376,1,Enron,0,0,0,1,1,1.0,1.0
377,1,Enron,0,0,0,1,1,1.0,1.0
378,1,Enron,0,0,0,1,1,1.0,1.0
379,1,Enron,0,0,0,1,1,1.0,1.0
380,1,Enron,0,0,0,1,1,1.0,1.0
381,1,Enron,0,0,0,1,0,1.0,0.0
382,1,Enron,0,0,0,1,1,1.0,1.0
383,1,Enron,0,0,0,1,1,1.0,1.0
384,1,Enron,0,0,0,1,1,1.0,1.0
385,1,Enron,0,0,0,1,1,1.0,1.0
386,1,Enron,0,0,0,1,1,1.0,1.0
387,1,Enron,0,0,0,1,1,1.0,1.0
388,1,Enron,0,0,0,1,1,1.0,1.0
389,1,Enron,0,0,0,1,0,1.0,0.0
390,1,Enron,0,0,0,1,1,1.0,1.0
391,1,Enron,1,1,1,0,0,0.0,0.0
392,1,Enron,0,0,0,1,1,1.0,1.0
393,1,Enron,0,0,0,1,1,1.0,1.0
394,1,Enron,0,0,0,1,1,1.0,1.0
395,1,Enron,0,0,0,1,1,1.0,1.0
396,1,Enron,0,0,0,1,1,1.0,1.0
397,1,Enron,0,0,0,1,1,1.0,1.0
398,1,Enron,0,0,0,1,1,1.0,1.0
399,1,Enron,1,1,1,0,0,0.0,0.0
400,1,Enron,0,0,0,1,1,1.0,1.0
401,1,Enron,0,0,0,1,1,1.0,1.0
402,1,Enron,0,0,0,1,1,1.0,1.0
403,1,Enron,0,0,0,1,1,1.0,1.0
404,1,Enron,0,0,0,1,1,1.0,1.0
405,1,Enron,0,0,0,1,1,1.0,0.0
406,1,Enron,0,0,0,1,1,1.0,1.0
407,1,Enron,0,0,0,1,1,1.0,1.0
408,1,Enron,0,0,0,1,1,1.0,1.0
409,1,Enron,0,0,0,1,1,1.0,1.0
410,1,Enron,0,0,0,1,1,1.0,1.0
411,1,Enron,0,0,0,1,1,1.0,1.0
412,1,Enron,0,0,0,1,1,1.0,1.0
413,1,Enron,0,0,0,1,1,0.0,0.0
414,1,Enron,0,0,0,1,1,1.0,1.0
415,1,Enron,1,1,1,0,0,1.0,0.0
416,1,Enron,0,0,0,1,1,1.0,0.0
417,1,Enron,0,0,0,1,1,1.0,1.0
418,1,Enron,0,0,0,1,1,1.0,1.0
419,1,Enron,0,0,0,1,1,1.0,1.0
420,1,Enron,0,0,0,1,1,1.0,1.0
421,1,Enron,0,0,0,1,0,1.0,0.0
422,1,Enron,0,0,0,1,1,1.0,1.0
423,1,Enron,0,0,0,1,1,1.0,1.0
424,1,Enron,1,1,1,0,0,1.0,0.0
425,1,Enron,0,0,0,1,1,1.0,1.0
426,1,Enron,0,0,0,1,1,1.0,0.0
427,1,Enron,0,0,0,1,1,1.0,0.0
428,1,Enron,0,0,0,1,1,1.0,1.0
429,1,Enron,0,0,0,1,1,1.0,1.0
430,1,Enron,0,0,0,1,1,1.0,1.0
431,1,Enron,0,0,0,1,1,0.0,0.0
432,1,Enron,0,0,0,1,1,1.0,1.0
433,1,Enron,0,0,0,1,1,1.0,1.0
434,1,Enron,0,0,0,1,1,1.0,1.0
435,1,Enron,0,0,0,1,1,1.0,1.0
436,1,Enron,0,0,0,1,1,1.0,1.0
437,1,Enron,0,0,0,1,1,1.0,1.0
438,1,Enron,0,0,0,1,1,1.0,1.0
439,1,Enron,0,0,0,1,1,1.0,1.0
440,1,Enron,0,0,0,1,1,1.0,1.0
441,1,Enron,0,0,0,1,1,1.0,0.0
442,1,Enron,0,0,0,1,1,1.0,1.0
443,1,Enron,0,0,0,1,1,1.0,1.0
444,1,Enron,0,0,0,1,1,1.0,1.0
445,1,Enron,0,0,0,1,1,1.0,1.0
446,1,Enron,0,0,0,1,1,1.0,1.0
447,1,Enron,1,1,1,0,0,1.0,0.0
448,1,Enron,0,0,0,1,1,1.0,1.0
449,1,Enron,0,0,0,1,1,1.0,1.0
450,0,Enron,0,0,0,1,1,1.0,1.0
451,0,Enron,0,0,0,1,1,1.0,1.0
452,0,Enron,0,0,0,1,1,1.0,1.0
453,0,Enron,0,0,0,1,1,1.0,1.0
454,0,Enron,0,0,0,1,1,1.0,1.0
455,0,Enron,0,0,0,1,1,1.0,1.0
456,0,Enron,0,0,0,1,1,1.0,1.0
457,0,Enron,0,0,0,1,1,1.0,1.0
458,0,Enron,0,0,0,1,1,1.0,1.0
459,0,Enron,0,0,0,1,1,1.0,1.0
460,0,Enron,0,0,0,1,1,1.0,1.0
461,0,Enron,0,0,0,1,1,1.0,1.0
462,0,Enron,0,0,0,1,1,1.0,1.0
463,0,Enron,0,0,0,1,1,1.0,1.0
464,0,Enron,0,0,0,1,1,1.0,1.0
465,0,Enron,0,0,0,1,1,1.0,1.0
466,0,Enron,0,0,0,1,1,1.0,1.0
467,0,Enron,0,0,0,1,1,1.0,1.0
468,0,Enron,0,0,0,1,1,1.0,1.0
469,0,Enron,0,0,0,1,1,1.0,1.0
470,0,Enron,0,0,0,1,1,1.0,1.0
471,0,Enron,0,0,0,1,1,1.0,1.0
472,0,Enron,0,0,0,1,1,1.0,1.0
473,0,Enron,0,0,0,1,1,1.0,1.0
474,0,Enron,0,0,0,1,1,1.0,1.0
475,0,Enron,0,0,0,1,1,1.0,1.0
476,0,Enron,0,0,0,1,1,1.0,1.0
477,0,Enron,0,0,0,1,1,1.0,1.0
478,0,Enron,0,0,0,1,1,1.0,1.0
479,0,Enron,0,0,0,1,1,1.0,1.0
480,0,Enron,0,0,0,1,1,1.0,1.0
481,0,Enron,0,0,0,1,1,1.0,1.0
482,0,Enron,0,0,0,1,1,1.0,1.0
483,0,Enron,0,0,0,1,1,1.0,1.0
484,0,Enron,0,0,0,1,1,1.0,1.0
485,0,Enron,0,0,0,1,1,1.0,1.0
486,0,Enron,0,0,0,1,1,1.0,1.0
487,0,Enron,0,0,0,1,1,1.0,1.0
488,0,Enron,0,0,0,1,1,1.0,1.0
489,0,Enron,0,0,0,1,1,1.0,1.0
490,0,Enron,0,0,0,1,1,1.0,1.0
491,0,Enron,0,0,0,1,1,1.0,1.0
492,0,Enron,0,0,0,1,1,1.0,1.0
493,0,Enron,0,0,0,1,1,1.0,1.0
494,0,Enron,0,0,0,1,1,1.0,1.0
495,0,Enron,0,0,0,1,1,1.0,1.0
496,0,Enron,0,0,0,1,1,1.0,1.0
497,0,Enron,0,0,0,1,1,1.0,1.0
498,0,Enron,0,0,0,1,1,1.0,1.0
499,0,Enron,0,0,0,1,1,1.0,1.0
500,0,Enron,0,0,0,1,1,1.0,1.0
501,0,Enron,0,0,0,1,1,1.0,1.0
502,0,Enron,0,0,0,1,1,1.0,1.0
503,0,Enron,0,0,0,1,1,1.0,1.0
504,0,Enron,0,0,0,1,1,1.0,1.0
505,0,Enron,0,0,0,1,1,1.0,1.0
506,0,Enron,0,0,0,1,1,1.0,1.0
507,0,Enron,0,0,0,1,1,1.0,1.0
508,0,Enron,0,0,0,1,1,1.0,1.0
509,0,Enron,0,0,0,1,1,1.0,1.0
510,0,Enron,0,0,0,1,1,1.0,1.0
511,0,Enron,0,0,0,1,1,1.0,1.0
512,0,Enron,0,0,0,1,1,1.0,1.0
513,0,Enron,0,0,0,1,1,1.0,1.0
514,0,Enron,0,0,0,1,1,1.0,1.0
515,0,Enron,0,0,0,1,1,1.0,1.0
516,0,Enron,0,0,0,1,1,1.0,1.0
517,0,Enron,0,0,0,1,1,1.0,1.0
518,0,Enron,0,0,0,1,1,1.0,1.0
519,0,Enron,0,0,0,1,1,1.0,1.0
520,0,Enron,0,0,0,1,1,1.0,1.0
521,0,Enron,0,0,0,1,1,1.0,1.0
522,0,Enron,0,0,0,1,1,1.0,1.0
523,0,Enron,0,0,0,1,1,1.0,1.0
524,0,Enron,0,0,0,1,1,1.0,1.0
525,0,Enron,0,0,0,1,1,1.0,1.0
526,0,Enron,0,0,0,1,1,1.0,1.0
527,0,Enron,0,0,0,1,1,1.0,1.0
528,0,Enron,0,0,0,1,1,1.0,1.0
529,0,Enron,0,0,0,1,1,1.0,1.0
530,0,Enron,0,0,0,1,1,1.0,1.0
531,0,Enron,0,0,0,1,1,1.0,1.0
532,0,Enron,0,0,0,1,1,1.0,1.0
533,0,Enron,0,0,0,1,1,1.0,1.0
534,0,Enron,0,0,0,1,1,1.0,1.0
535,0,Enron,0,0,0,1,1,1.0,1.0
536,0,Enron,0,0,0,1,1,1.0,1.0
537,0,Enron,0,0,0,1,1,1.0,1.0
538,0,Enron,0,0,0,1,1,1.0,1.0
539,0,Enron,0,0,0,1,1,1.0,1.0
540,0,Enron,0,0,0,1,1,1.0,1.0
541,0,Enron,0,0,0,1,1,1.0,1.0
542,0,Enron,0,0,0,1,1,1.0,1.0
543,0,Enron,0,0,0,1,1,1.0,1.0
544,0,Enron,0,0,0,1,1,1.0,1.0
545,0,Enron,0,0,0,1,1,1.0,1.0
546,0,Enron,0,0,0,1,1,1.0,1.0
547,0,Enron,0,0,0,1,1,1.0,1.0
548,0,Enron,0,0,0,1,1,1.0,1.0
549,0,Enron,0,0,0,1,1,1.0,1.0
550,0,Enron,0,0,0,1,1,1.0,1.0
551,0,Enron,0,0,0,1,1,1.0,1.0
552,0,Enron,0,0,0,1,1,1.0,1.0
553,0,Enron,0,0,0,1,1,1.0,1.0
554,0,Enron,0,0,0,1,1,1.0,1.0
555,0,Enron,0,0,0,1,1,1.0,1.0
556,0,Enron,0,0,0,1,1,1.0,1.0
557,0,Enron,0,0,0,1,1,1.0,1.0
558,0,Enron,0,0,0,1,1,1.0,1.0
559,0,Enron,0,0,0,1,1,1.0,1.0
560,0,Enron,0,0,0,1,1,1.0,1.0
561,0,Enron,0,0,0,1,1,1.0,1.0
562,0,Enron,0,0,0,1,1,1.0,1.0
563,0,Enron,0,0,0,1,1,1.0,1.0
564,0,Enron,0,0,0,1,1,1.0,1.0
565,0,Enron,0,0,0,1,1,1.0,1.0
566,0,Enron,0,0,0,1,1,1.0,1.0
567,0,Enron,0,0,0,1,1,1.0,1.0
568,0,Enron,0,0,0,1,1,1.0,1.0
569,0,Enron,0,0,0,1,1,1.0,1.0
570,0,Enron,0,0,0,1,1,1.0,1.0
571,0,Enron,0,0,0,1,1,1.0,1.0
572,0,Enron,0,0,0,1,1,1.0,1.0
573,0,Enron,0,0,0,1,1,1.0,1.0
574,0,Enron,0,0,0,1,1,1.0,1.0
575,0,Enron,0,0,0,1,1,1.0,1.0
576,0,Enron,0,0,0,1,1,1.0,1.0
577,0,Enron,0,0,0,1,1,1.0,1.0
578,0,Enron,0,0,0,1,1,1.0,1.0
579,0,Enron,0,0,0,1,1,1.0,1.0
580,0,Enron,0,0,0,1,1,1.0,1.0
581,0,Enron,0,0,0,1,1,1.0,1.0
582,0,Enron,0,0,0,1,1,1.0,1.0
583,0,Enron,0,0,0,1,1,1.0,1.0
584,0,Enron,0,0,0,1,1,1.0,1.0
585,0,Enron,0,0,0,1,1,1.0,1.0
586,0,Enron,0,0,0,1,1,1.0,1.0
587,0,Enron,0,0,0,1,1,1.0,1.0
588,0,Enron,0,0,0,1,1,1.0,1.0
589,0,Enron,0,0,0,1,1,1.0,1.0
590,0,Enron,0,0,0,1,1,1.0,1.0
591,0,Enron,0,0,0,1,1,1.0,1.0
592,0,Enron,0,0,0,1,1,1.0,1.0
593,0,Enron,0,0,0,1,1,1.0,1.0
594,0,Enron,0,0,0,1,1,1.0,1.0
595,0,Enron,0,0,0,1,1,1.0,1.0
596,0,Enron,0,0,0,1,1,1.0,1.0
597,0,Enron,0,0,0,1,1,1.0,1.0
598,0,Enron,0,0,0,1,1,1.0,1.0
599,0,Enron,0,0,0,1,1,1.0,1.0
700,1,CEAS_08,0,0,0,1,1,1.0,1.0
701,1,CEAS_08,0,0,0,1,1,1.0,1.0
702,1,CEAS_08,0,0,0,1,1,1.0,1.0
703,1,CEAS_08,0,0,0,1,1,1.0,1.0
704,1,CEAS_08,0,0,0,1,1,1.0,1.0
705,1,CEAS_08,0,0,0,1,1,1.0,1.0
706,1,CEAS_08,0,0,0,1,1,1.0,1.0
707,1,CEAS_08,0,0,0,1,1,1.0,1.0
708,1,CEAS_08,1,1,1,0,0,1.0,0.0
709,1,CEAS_08,0,0,0,1,1,1.0,1.0
710,1,CEAS_08,0,0,0,1,1,1.0,1.0
711,1,CEAS_08,0,0,0,1,1,1.0,1.0
712,1,CEAS_08,0,0,0,1,1,1.0,1.0
713,1,CEAS_08,0,0,0,1,1,1.0,1.0
714,1,CEAS_08,0,0,0,1,1,1.0,1.0
715,1,CEAS_08,1,0,1,0,0,1.0,0.0
716,1,CEAS_08,0,0,0,1,1,0.0,0.0
717,1,CEAS_08,0,0,0,1,1,1.0,1.0
718,1,CEAS_08,0,0,0,1,1,1.0,1.0
719,1,CEAS_08,0,0,0,1,1,1.0,1.0
720,1,CEAS_08,0,0,0,1,1,1.0,1.0
721,1,CEAS_08,1,0,1,0,0,0.0,0.0
722,1,CEAS_08,0,0,0,1,1,1.0,1.0
723,1,CEAS_08,0,0,0,1,1,1.0,1.0
724,1,CEAS_08,0,0,0,1,1,1.0,1.0
725,1,Ling,0,0,0,1,1,1.0,1.0
726,1,Ling,0,0,0,1,1,1.0,1.0
727,1,Ling,0,0,0,1,1,1.0,1.0
728,1,Ling,0,0,0,1,1,1.0,1.0
729,1,Ling,0,0,0,1,1,1.0,1.0
730,1,Ling,0,0,0,1,1,1.0,1.0
731,1,Ling,0,0,0,1,1,1.0,1.0
732,1,Ling,0,0,0,1,1,1.0,1.0
733,1,Ling,0,0,0,1,1,1.0,1.0
734,1,Ling,0,0,0,1,1,1.0,0.0
735,1,Ling,0,0,0,1,1,1.0,1.0
736,1,Ling,0,0,0,1,1,1.0,1.0
737,1,Ling,0,0,0,1,1,1.0,1.0
738,1,Ling,1,1,1,0,0,0.0,0.0
739,1,Ling,0,0,0,1,1,1.0,1.0
740,1,Ling,0,0,0,1,1,1.0,1.0
741,1,Ling,0,0,0,1,1,1.0,1.0
742,1,Ling,0,0,0,1,1,1.0,1.0
743,1,Ling,0,0,0,1,1,1.0,1.0
744,1,Ling,0,0,0,1,1,1.0,1.0
745,1,Ling,0,0,0,1,1,1.0,1.0
746,1,Ling,0,0,0,1,1,1.0,1.0
747,1,Ling,0,0,0,1,1,1.0,1.0
748,1,Ling,0,0,0,1,1,1.0,1.0
749,1,Ling,0,0,0,1,1,0.0,0.0
750,1,Ling,0,0,0,1,1,1.0,1.0
751,1,Ling,1,1,1,0,0,1.0,0.0
752,1,Ling,1,1,1,0,0,0.0,0.0
753,1,Ling,0,0,0,1,0,1.0,0.0
754,1,Ling,0,0,0,1,1,1.0,1.0
755,1,Ling,0,0,0,1,1,1.0,1.0
756,1,Ling,0,0,0,1,1,1.0,1.0
757,1,Ling,0,0,0,1,1,1.0,1.0
758,1,Ling,0,0,0,1,1,1.0,1.0
759,1,Ling,0,0,0,1,1,1.0,1.0
760,1,Ling,0,0,0,1,1,1.0,1.0
761,1,Ling,0,0,0,1,1,1.0,1.0
762,1,Ling,0,0,0,1,1,1.0,1.0
763,1,Ling,1,1,1,0,0,1.0,0.0
764,1,Ling,1,1,1,0,0,1.0,0.0
765,1,Ling,1,0,1,0,0,1.0,0.0
766,1,Ling,0,0,0,1,1,1.0,1.0
767,1,Ling,0,0,0,1,1,1.0,1.0
768,1,Ling,0,0,0,1,1,1.0,1.0
769,1,Ling,1,1,1,0,0,0.0,0.0
770,1,Ling,1,1,1,0,0,0.0,0.0
771,1,Ling,1,1,1,0,0,1.0,0.0
772,1,Ling,0,0,0,1,1,1.0,1.0
773,1,Ling,0,0,0,1,1,1.0,1.0
774,1,Ling,0,0,0,1,1,1.0,1.0
775,1,Ling,1,1,1,0,0,0.0,0.0
776,1,Ling,0,0,0,1,1,1.0,1.0
777,1,Ling,0,0,0,1,1,1.0,1.0
778,1,Ling,0,0,0,1,1,1.0,1.0
779,1,Ling,0,0,0,1,1,1.0,1.0
780,1,Ling,0,0,0,1,1,1.0,1.0
781,1,Ling,0,0,0,1,1,1.0,1.0
782,1,Ling,0,0,0,1,1,1.0,1.0
783,1,Ling,0,0,0,1,1,1.0,1.0
784,1,Ling,0,0,0,1,1,1.0,1.0
785,1,Ling,1,1,1,0,0,0.0,0.0
786,1,Ling,0,0,0,1,1,1.0,1.0
787,1,Ling,0,0,0,1,1,1.0,1.0
788,1,Ling,0,0,0,1,1,1.0,1.0
789,1,Ling,0,0,0,1,1,1.0,1.0
790,1,Ling,0,0,0,1,1,1.0,1.0
791,1,Ling,1,1,1,0,0,1.0,0.0
792,1,Ling,0,0,0,1,0,1.0,0.0
793,1,Ling,1,1,1,0,0,0.0,0.0
794,1,Ling,0,0,0,1,1,1.0,1.0
795,1,Ling,0,0,0,1,1,1.0,1.0
796,1,Ling,0,0,0,1,1,1.0,1.0
797,1,Ling,0,0,0,1,1,1.0,1.0
798,1,Ling,0,0,0,1,1,1.0,1.0
799,1,Ling,1,1,1,0,0,0.0,0.0
800,1,Ling,0,0,0,1,1,1.0,1.0
801,1,Ling,0,0,0,1,1,1.0,1.0
802,1,Ling,0,0,0,1,1,1.0,1.0
803,1,Ling,0,0,0,1,1,1.0,1.0
804,1,Ling,0,0,0,1,1,1.0,1.0
805,1,Ling,0,0,0,1,1,1.0,1.0
806,1,Ling,0,0,0,1,1,1.0,1.0
807,1,Ling,0,0,0,1,1,1.0,1.0
808,1,Ling,1,1,1,0,0,1.0,0.0
809,1,Ling,0,0,0,1,1,1.0,1.0
810,1,Ling,0,0,0,1,1,1.0,1.0
811,1,Ling,0,0,0,1,1,1.0,1.0
812,1,Ling,0,0,0,1,1,1.0,1.0
813,1,Ling,0,0,0,1,0,1.0,0.0
814,1,Ling,0,0,0,1,1,1.0,1.0
815,1,Ling,0,0,0,1,1,1.0,1.0
816,1,Ling,0,0,0,1,1,1.0,1.0
817,1,Ling,0,0,0,1,1,1.0,1.0
818,1,Ling,0,0,0,1,1,1.0,1.0
819,1,Ling,1,0,1,0,0,1.0,0.0
820,1,Ling,1,1,1,0,0,0.0,0.0
821,1,Ling,0,0,0,1,1,1.0,1.0
822,1,Ling,0,0,0,1,1,1.0,1.0
823,1,Ling,0,0,0,1,1,1.0,1.0
824,1,Ling,0,0,0,1,1,1.0,1.0
825,1,Enron,0,0,0,1,1,1.0,1.0
826,1,Enron,0,0,0,1,1,1.0,1.0
827,1,Enron,0,0,0,1,1,1.0,1.0
828,1,Enron,0,0,0,1,1,1.0,1.0
829,1,Enron,0,0,0,1,1,1.0,1.0
830,1,Enron,0,0,0,1,1,1.0,1.0
831,1,Enron,0,0,0,1,1,1.0,1.0
832,1,Enron,0,0,0,1,1,1.0,1.0
833,1,Enron,1,1,1,0,0,1.0,0.0
834,1,Enron,0,0,0,1,1,1.0,1.0
835,1,Enron,0,0,0,1,1,1.0,1.0
836,1,Enron,1,1,1,0,0,0.0,0.0
837,1,Enron,0,0,0,1,1,1.0,1.0
838,1,Enron,0,0,0,1,1,1.0,1.0
839,1,Enron,0,0,0,1,1,1.0,1.0
840,1,Enron,0,0,0,1,1,1.0,1.0
841,1,Enron,0,0,0,1,1,1.0,1.0
842,1,Enron,0,0,0,1,1,1.0,1.0
843,1,Enron,0,0,0,1,1,1.0,1.0
844,1,Enron,0,0,0,1,1,1.0,1.0
845,1,Enron,0,0,0,1,1,1.0,1.0
846,1,Enron,0,0,0,1,1,1.0,1.0
847,1,Enron,0,0,0,1,1,1.0,1.0
848,1,Enron,0,0,0,1,1,1.0,1.0
849,1,Enron,0,0,0,1,1,1.0,1.0
850,1,SpamAssasin,0,0,0,1,1,1.0,1.0
851,1,SpamAssasin,1,0,1,1,1,1.0,0.0
852,1,SpamAssasin,0,0,0,1,1,1.0,1.0
853,1,SpamAssasin,0,0,0,1,1,1.0,1.0
854,1,SpamAssasin,0,0,0,1,1,1.0,1.0
855,1,SpamAssasin,1,1,1,0,0,0.0,0.0
856,1,SpamAssasin,0,0,0,1,1,1.0,1.0
857,1,SpamAssasin,0,0,0,1,1,1.0,1.0
858,1,SpamAssasin,0,0,0,1,1,1.0,1.0
859,1,SpamAssasin,1,1,1,0,0,0.0,0.0
860,1,SpamAssasin,0,0,0,1,1,1.0,1.0
861,1,SpamAssasin,0,0,0,1,1,1.0,1.0
862,1,SpamAssasin,1,1,1,0,0,1.0,0.0
863,1,SpamAssasin,1,1,1,0,0,0.0,0.0
864,1,SpamAssasin,1,1,1,0,0,0.0,0.0
865,1,SpamAssasin,0,0,0,1,1,1.0,1.0
866,1,SpamAssasin,0,0,0,1,1,1.0,1.0
867,1,SpamAssasin,1,1,1,0,0,0.0,0.0
868,1,SpamAssasin,0,0,0,1,1,1.0,1.0
869,1,SpamAssasin,0,0,0,1,1,1.0,1.0
870,1,SpamAssasin,0,0,0,1,1,1.0,1.0
871,1,SpamAssasin,0,0,0,1,1,1.0,1.0
872,1,SpamAssasin,0,0,0,1,1,1.0,1.0
873,1,SpamAssasin,0,0,0,1,1,1.0,1.0
874,1,SpamAssasin,0,0,0,1,0,0.0,0.0
875,1,SpamAssasin,0,0,0,1,1,1.0,1.0
876,1,SpamAssasin,0,0,0,1,0,0.0,0.0
877,1,SpamAssasin,0,0,0,1,1,0.0,0.0
878,1,SpamAssasin,0,0,0,1,1,1.0,0.0
879,1,SpamAssasin,0,0,0,1,1,0.0,0.0
880,1,SpamAssasin,0,0,0,1,1,1.0,1.0
881,1,SpamAssasin,0,0,0,1,1,1.0,1.0
882,1,SpamAssasin,0,0,0,1,1,1.0,1.0
883,1,SpamAssasin,0,0,0,0,0,1.0,0.0
884,1,SpamAssasin,0,0,0,1,1,1.0,1.0
885,1,SpamAssasin,0,0,0,1,0,1.0,0.0
886,1,SpamAssasin,0,0,0,1,1,1.0,1.0
887,1,SpamAssasin,1,1,1,0,0,0.0,0.0
888,1,SpamAssasin,0,0,0,1,1,1.0,1.0
889,1,SpamAssasin,1,1,1,0,0,0.0,0.0
890,1,SpamAssasin,0,0,0,1,1,1.0,1.0
891,1,SpamAssasin,0,0,0,1,1,1.0,1.0
892,1,SpamAssasin,0,0,0,1,1,1.0,1.0
893,1,SpamAssasin,0,0,0,1,1,0.0,0.0
894,1,SpamAssasin,0,0,0,1,1,1.0,1.0
895,1,SpamAssasin,0,0,0,1,1,1.0,1.0
896,1,SpamAssasin,0,0,0,1,1,1.0,1.0
897,1,SpamAssasin,0,0,0,1,1,0.0,0.0
898,1,SpamAssasin,1,0,1,0,0,1.0,0.0
899,1,SpamAssasin,0,0,0,1,1,1.0,1.0
900,1,SpamAssasin,1,1,1,0,0,0.0,0.0
901,1,SpamAssasin,0,0,0,1,1,1.0,1.0
902,1,SpamAssasin,0,0,0,1,1,1.0,1.0
903,1,SpamAssasin,0,0,0,1,1,1.0,0.0
904,1,SpamAssasin,0,0,0,1,1,1.0,1.0
905,1,SpamAssasin,0,0,0,1,1,1.0,1.0
906,1,SpamAssasin,0,0,0,1,1,1.0,1.0
907,1,SpamAssasin,0,0,0,1,1,1.0,1.0
908,1,SpamAssasin,0,0,0,1,1,1.0,1.0
909,1,SpamAssasin,0,0,0,1,1,1.0,1.0
910,1,SpamAssasin,1,1,1,0,0,0.0,0.0
911,1,SpamAssasin,0,0,0,1,1,1.0,1.0
912,1,SpamAssasin,0,0,0,1,1,1.0,1.0
913,1,SpamAssasin,0,0,0,1,1,1.0,1.0
914,1,SpamAssasin,1,1,1,0,0,1.0,0.0
915,1,SpamAssasin,0,0,0,1,1,1.0,1.0
916,1,SpamAssasin,0,0,0,1,1,1.0,1.0
917,1,SpamAssasin,1,1,1,0,0,0.0,0.0
918,1,SpamAssasin,0,0,0,1,1,1.0,1.0
919,1,SpamAssasin,0,0,0,1,1,1.0,1.0
920,1,SpamAssasin,0,0,0,1,1,1.0,1.0
921,1,SpamAssasin,1,1,1,0,0,1.0,0.0
922,1,SpamAssasin,0,0,0,1,1,1.0,1.0
923,1,SpamAssasin,0,0,0,1,1,0.0,0.0
924,1,SpamAssasin,1,1,1,0,0,1.0,0.0
925,1,SpamAssasin,1,1,1,0,0,0.0,0.0
926,1,SpamAssasin,0,0,0,1,1,1.0,1.0
927,1,SpamAssasin,0,0,0,1,1,1.0,1.0
928,1,SpamAssasin,0,0,0,1,1,1.0,1.0
929,1,SpamAssasin,0,0,0,1,1,1.0,1.0
930,1,SpamAssasin,1,1,1,0,0,0.0,0.0
931,1,SpamAssasin,0,0,0,1,1,1.0,1.0
932,1,SpamAssasin,0,0,0,1,1,1.0,1.0
933,1,SpamAssasin,0,0,0,1,1,1.0,1.0
934,1,SpamAssasin,0,0,0,1,1,1.0,1.0
935,1,SpamAssasin,1,1,1,0,0,0.0,0.0
936,1,SpamAssasin,0,0,0,1,1,1.0,0.0
937,1,SpamAssasin,0,0,0,1,1,1.0,1.0
938,1,SpamAssasin,0,0,0,1,1,1.0,1.0
939,1,SpamAssasin,0,0,0,1,1,1.0,1.0
940,1,SpamAssasin,0,0,0,1,1,1.0,1.0
941,1,SpamAssasin,0,0,0,1,1,1.0,1.0
942,1,SpamAssasin,1,0,1,0,0,1.0,0.0
943,1,SpamAssasin,0,0,0,1,1,1.0,1.0
944,1,SpamAssasin,1,1,1,0,0,0.0,0.0
945,1,SpamAssasin,0,0,0,1,1,1.0,1.0
946,1,SpamAssasin,0,0,0,1,1,1.0,1.0
947,1,SpamAssasin,0,0,0,1,1,1.0,1.0
948,1,SpamAssasin,0,0,0,1,1,1.0,1.0
949,1,SpamAssasin,0,0,0,1,1,1.0,1.0
950,0,Ling,0,0,0,1,1,1.0,1.0
951,0,Ling,0,0,0,1,1,1.0,1.0
952,0,Ling,0,0,0,1,1,1.0,1.0
953,0,Ling,0,0,0,1,1,1.0,1.0
954,0,Ling,0,0,0,1,1,1.0,1.0
955,0,Ling,0,0,0,1,1,1.0,1.0
956,0,Ling,0,0,0,1,1,1.0,1.0
957,0,Ling,0,0,0,1,1,1.0,1.0
958,0,Ling,0,0,0,1,1,1.0,1.0
959,0,Ling,0,0,0,1,1,1.0,1.0
960,0,Ling,0,0,0,1,1,1.0,1.0
961,0,Ling,0,0,0,1,1,1.0,1.0
962,0,Ling,0,0,0,1,1,1.0,1.0
963,0,Ling,0,0,0,1,1,1.0,1.0
964,0,Ling,0,0,0,1,1,1.0,1.0
965,0,Ling,0,0,0,1,1,1.0,1.0
966,0,Ling,0,0,0,1,1,1.0,1.0
967,0,Ling,0,0,0,1,1,1.0,1.0
968,0,Ling,0,0,0,1,1,1.0,1.0
969,0,Ling,0,0,0,1,1,1.0,1.0
970,0,Ling,0,0,0,1,1,1.0,1.0
971,0,Ling,0,0,0,1,1,1.0,1.0
972,0,Ling,0,0,0,1,1,1.0,1.0
973,0,Ling,0,0,0,1,1,1.0,1.0
974,0,Ling,0,0,0,1,1,1.0,1.0
975,0,Ling,0,0,0,1,1,1.0,1.0
976,0,Ling,0,0,0,1,1,1.0,1.0
977,0,Ling,0,0,0,1,1,1.0,1.0
978,0,Ling,0,0,0,1,1,1.0,1.0
979,0,Ling,0,0,0,1,1,1.0,1.0
980,0,Ling,0,0,0,1,1,1.0,1.0
981,0,Ling,0,0,0,1,1,1.0,1.0
982,0,Ling,0,0,0,1,1,1.0,1.0
983,0,Ling,0,0,0,1,1,1.0,1.0
984,0,Ling,0,0,0,1,1,1.0,1.0
985,0,Ling,0,0,0,1,1,1.0,1.0
986,0,Ling,0,0,0,1,1,1.0,1.0
987,0,Ling,0,0,0,1,1,1.0,1.0
988,0,Ling,0,0,0,1,1,1.0,1.0
989,0,Ling,0,0,0,1,1,1.0,1.0
990,0,Ling,0,0,0,1,1,1.0,1.0
991,0,Ling,0,0,0,1,1,1.0,1.0
992,0,Ling,0,0,0,1,1,1.0,1.0
993,0,Ling,0,0,0,1,1,1.0,1.0
994,0,Ling,0,0,0,1,1,1.0,1.0
995,0,Ling,0,0,0,1,1,1.0,1.0
996,0,Ling,0,0,0,1,1,1.0,1.0
997,0,Ling,0,0,0,1,1,1.0,1.0
998,0,Ling,0,0,0,1,1,1.0,1.0
999,0,Ling,0,0,0,1,1,1.0,1.0
1000,0,Ling,0,0,0,1,1,1.0,1.0
1001,0,Ling,0,0,0,1,1,1.0,1.0
1002,0,Ling,0,0,0,1,1,1.0,1.0
1003,0,Ling,0,0,0,1,1,1.0,1.0
1004,0,Ling,0,0,0,1,1,1.0,1.0
1005,0,Ling,0,0,0,1,1,1.0,1.0
1006,0,Ling,0,0,0,1,1,1.0,1.0
1007,0,Ling,0,0,0,1,1,1.0,1.0
1008,0,Ling,0,0,0,1,1,1.0,1.0
1009,0,Ling,0,0,0,1,1,1.0,1.0
1010,0,Ling,0,0,0,1,1,1.0,1.0
1011,0,Ling,0,0,0,1,1,1.0,1.0
1012,0,Ling,0,0,0,1,1,1.0,1.0
1013,0,Ling,0,0,0,1,1,1.0,1.0
1014,0,Ling,0,0,0,1,1,1.0,1.0
1015,0,Ling,0,0,0,1,1,1.0,1.0
1016,0,Ling,0,0,0,1,1,1.0,1.0
1017,0,Ling,0,0,0,1,1,1.0,1.0
1018,0,Ling,0,0,0,1,1,1.0,1.0
1019,0,Ling,0,0,0,1,1,1.0,1.0
1020,0,Ling,0,0,0,1,1,1.0,1.0
1021,0,Ling,0,0,0,1,1,1.0,1.0
1022,0,Ling,0,0,0,1,1,1.0,1.0
1023,0,Ling,0,0,0,1,1,1.0,1.0
1024,0,Ling,0,0,0,1,1,1.0,1.0
1025,0,Ling,0,0,0,1,1,1.0,1.0
1026,0,Ling,0,0,0,1,1,1.0,1.0
1027,0,Ling,0,0,0,1,1,1.0,1.0
1028,0,Ling,0,0,0,1,1,1.0,1.0
1029,0,Ling,0,0,0,1,1,1.0,1.0
1030,0,Ling,0,0,0,1,1,1.0,1.0
1031,0,Ling,0,0,0,1,1,1.0,1.0
1032,0,Ling,0,0,0,1,1,1.0,1.0
1033,0,Ling,0,0,0,1,1,1.0,1.0
1034,0,Ling,0,0,0,1,1,1.0,1.0
1035,0,Ling,0,0,0,1,1,1.0,1.0
1036,0,Ling,0,0,0,1,1,1.0,1.0
1037,0,Ling,0,0,0,1,1,1.0,1.0
1038,0,Ling,0,0,0,1,1,1.0,1.0
1039,0,Ling,0,0,0,1,1,1.0,1.0
1040,0,Ling,0,0,0,1,1,1.0,1.0
1041,0,Ling,0,0,0,1,1,1.0,1.0
1042,0,Ling,0,0,0,1,1,1.0,1.0
1043,0,Ling,0,0,0,1,1,1.0,1.0
1044,0,Ling,0,0,0,1,1,1.0,1.0
1045,0,Ling,0,0,0,1,1,1.0,1.0
1046,0,Ling,0,0,0,1,1,1.0,1.0
1047,0,Ling,0,0,0,1,1,1.0,1.0
1048,0,Ling,0,0,0,1,1,1.0,1.0
1049,0,Ling,0,0,0,1,1,1.0,1.0
1050,0,Ling,0,0,0,1,1,1.0,1.0
1051,0,Ling,0,0,0,1,1,1.0,1.0
1052,0,Ling,0,0,0,1,1,1.0,1.0
1053,0,Ling,0,0,0,1,1,1.0,1.0
1054,0,Ling,0,0,0,1,1,1.0,1.0
1055,0,Ling,0,0,0,1,1,1.0,1.0
1056,0,Ling,0,0,0,1,1,1.0,1.0
1057,0,Ling,0,0,0,1,1,1.0,1.0
1058,0,Ling,0,0,0,1,1,1.0,1.0
1059,0,Ling,0,0,0,1,1,1.0,1.0
1060,0,Ling,0,0,0,1,1,1.0,1.0
1061,0,Ling,0,0,0,1,1,1.0,1.0
1062,0,Ling,0,0,0,1,1,1.0,1.0
1063,0,Ling,0,0,0,1,1,1.0,1.0
1064,0,Ling,0,0,0,1,1,1.0,1.0
1065,0,Ling,0,0,0,1,1,1.0,1.0
1066,0,Ling,0,0,0,1,1,1.0,1.0
1067,0,Ling,0,0,0,1,1,1.0,1.0
1068,0,Ling,0,0,0,1,1,1.0,1.0
1069,0,Ling,0,0,0,1,1,1.0,1.0
1070,0,Ling,0,0,0,1,1,1.0,1.0
1071,0,Ling,0,0,0,1,1,1.0,1.0
1072,0,Ling,0,0,0,1,1,1.0,1.0
1073,0,Ling,0,0,0,1,1,1.0,1.0
1074,0,Ling,0,0,0,1,1,1.0,1.0
1075,0,Ling,0,0,0,1,1,1.0,1.0
1076,0,Ling,0,0,0,1,1,1.0,1.0
1077,0,Ling,0,0,0,1,1,1.0,1.0
1078,0,Ling,0,0,0,1,1,1.0,1.0
1079,0,Ling,0,0,0,1,1,1.0,1.0
1080,0,Ling,0,0,0,1,1,1.0,1.0
1081,0,Ling,0,0,0,1,1,1.0,1.0
1082,0,Ling,0,0,0,1,1,1.0,1.0
1083,0,Ling,0,0,0,1,1,1.0,1.0
1084,0,Ling,0,0,0,1,1,1.0,1.0
1085,0,Ling,0,0,0,1,1,1.0,1.0
1086,0,Ling,0,0,0,1,1,1.0,1.0
1087,0,Ling,0,0,0,1,1,1.0,1.0
1088,0,Ling,0,0,0,1,1,1.0,1.0
1089,0,Ling,0,0,0,1,1,1.0,1.0
1090,0,Ling,0,0,0,1,1,1.0,1.0
1091,0,Ling,0,0,0,1,1,1.0,1.0
1092,0,Ling,0,0,0,1,1,1.0,1.0
1093,0,Ling,0,0,0,1,1,1.0,1.0
1094,0,Ling,0,0,0,1,1,1.0,1.0
1095,0,Ling,0,0,0,1,1,1.0,1.0
1096,0,Ling,0,0,0,1,1,1.0,1.0
1097,0,Ling,0,0,0,1,1,1.0,1.0
1098,0,Ling,0,0,0,1,1,1.0,1.0
1099,0,Ling,0,0,0,1,1,1.0,1.0
1100,1,Nigerian Fraud,1,1,1,0,0,0.0,0.0
1101,1,Nigerian Fraud,1,1,1,0,0,0.0,0.0
1102,1,Nigerian Fraud,1,1,1,0,0,0.0,0.0
1103,1,Nigerian Fraud,1,1,1,0,0,0.0,0.0
1104,1,Nigerian Fraud,0,0,0,1,1,1.0,1.0
1105,1,Nigerian Fraud,1,1,1,0,0,0.0,0.0
1106,1,Nigerian Fraud,0,0,0,1,1,1.0,1.0
1107,1,Nigerian Fraud,1,1,1,0,0,0.0,0.0
1108,1,Nigerian Fraud,0,0,0,1,1,0.0,0.0
1109,1,Nigerian Fraud,0,0,0,1,1,1.0,1.0
1110,1,Nigerian Fraud,1,1,1,0,0,0.0,0.0
1111,1,Nigerian Fraud,1,1,1,0,0,0.0,0.0
1112,1,Nigerian Fraud,0,0,0,1,1,1.0,1.0
1113,1,Nigerian Fraud,1,1,1,0,0,0.0,0.0
1114,1,Nigerian Fraud,1,1,1,0,0,0.0,0.0
1115,1,Nigerian Fraud,1,1,1,0,0,0.0,0.0
1116,1,Nigerian Fraud,1,1,1,0,0,0.0,0.0
1117,1,Nigerian Fraud,1,1,1,0,0,1.0,0.0
1118,1,Nigerian Fraud,0,0,0,1,1,0.0,0.0
1119,1,Nigerian Fraud,1,1,1,0,0,0.0,0.0
1120,1,Nigerian Fraud,1,1,1,0,0,0.0,0.0
1121,1,Nigerian Fraud,1,1,1,0,0,0.0,0.0
1122,1,Nigerian Fraud,0,0,0,1,1,0.0,0.0
1123,1,Nigerian Fraud,0,0,0,1,1,1.0,1.0
1124,1,Nigerian Fraud,1,1,1,0,0,0.0,0.0
1125,1,Nazario,0,0,0,1,1,1.0,1.0
1126,1,Nazario,0,0,0,1,1,1.0,1.0
1127,1,Nazario,1,1,1,0,0,1.0,0.0
1128,1,Nazario,0,0,0,1,1,1.0,1.0
1129,1,Nazario,1,1,1,0,0,1.0,0.0
1130,1,Nazario,0,0,0,1,1,1.0,1.0
1131,1,Nazario,1,1,1,0,0,1.0,0.0
1132,1,Nazario,0,0,0,1,1,1.0,1.0
1133,1,Nazario,1,1,1,0,0,1.0,0.0
1134,1,Nazario,1,1,1,0,0,0.0,0.0
1135,1,Nazario,0,0,0,1,1,1.0,1.0
1136,1,Nazario,0,0,0,1,1,1.0,1.0
1137,1,Nazario,0,0,0,1,1,1.0,1.0
1138,1,Nazario,1,1,1,0,0,0.0,0.0
1139,1,Nazario,0,0,0,1,1,1.0,1.0
1140,1,Nazario,0,0,0,1,1,1.0,1.0
1141,1,Nazario,1,1,1,0,0,0.0,0.0
1142,1,Nazario,1,1,1,0,0,1.0,0.0
1143,1,Nazario,0,0,0,1,1,1.0,1.0
1144,1,Nazario,1,1,1,0,0,1.0,0.0
1145,1,Nazario,1,1,1,0,0,1.0,0.0
1146,1,Nazario,0,0,0,1,1,1.0,1.0
1147,1,Nazario,1,1,1,0,0,1.0,0.0
1148,1,Nazario,0,0,0,1,1,1.0,1.0
1149,1,Nazario,0,0,0,1,1,1.0,1.0
1150,0,SpamAssasin,0,0,0,1,1,1.0,1.0
1151,0,SpamAssasin,0,0,0,1,1,1.0,1.0
1152,0,SpamAssasin,0,0,0,1,1,1.0,1.0
1153,0,SpamAssasin,0,0,0,1,1,1.0,1.0
1154,0,SpamAssasin,0,0,0,1,1,1.0,1.0
1155,0,SpamAssasin,0,0,0,1,1,1.0,1.0
1156,0,SpamAssasin,0,0,0,1,1,1.0,1.0
1157,0,SpamAssasin,0,0,0,1,1,1.0,1.0
1158,0,SpamAssasin,0,0,0,1,1,1.0,1.0
1159,0,SpamAssasin,0,0,0,1,1,1.0,1.0
1160,0,SpamAssasin,0,0,0,1,1,1.0,1.0
1161,0,SpamAssasin,0,0,0,1,1,1.0,1.0
1162,0,SpamAssasin,0,0,0,1,1,1.0,1.0
1163,0,SpamAssasin,0,0,0,1,1,1.0,1.0
1164,0,SpamAssasin,0,0,0,1,1,1.0,1.0
1165,0,SpamAssasin,0,0,0,1,1,1.0,1.0
1166,0,SpamAssasin,0,0,0,1,1,1.0,1.0
1167,0,SpamAssasin,0,0,0,1,1,1.0,1.0
1168,0,SpamAssasin,0,0,0,1,1,1.0,1.0
1169,0,SpamAssasin,0,0,0,1,1,1.0,1.0
1170,0,SpamAssasin,0,0,0,1,1,1.0,1.0
1171,0,SpamAssasin,0,0,0,1,1,1.0,1.0
1172,0,SpamAssasin,0,0,0,1,1,1.0,1.0
1173,0,SpamAssasin,0,0,0,1,1,1.0,1.0
1174,0,SpamAssasin,0,0,0,1,1,1.0,1.0
1175,0,SpamAssasin,0,0,0,1,1,1.0,1.0
1176,0,SpamAssasin,0,0,0,1,1,1.0,1.0
1177,0,SpamAssasin,0,0,0,1,1,1.0,1.0
1178,0,SpamAssasin,0,0,0,1,1,1.0,1.0
1179,0,SpamAssasin,0,0,0,1,1,1.0,1.0
1180,0,SpamAssasin,0,0,0,1,1,1.0,1.0
1181,0,SpamAssasin,0,0,0,1,1,1.0,1.0
1182,0,SpamAssasin,0,0,0,1,1,1.0,1.0
1183,0,SpamAssasin,0,0,0,1,1,1.0,1.0
1184,0,SpamAssasin,0,0,0,1,1,1.0,1.0
1185,0,SpamAssasin,0,0,0,1,1,1.0,1.0
1186,0,SpamAssasin,0,0,0,1,1,1.0,1.0
1187,0,SpamAssasin,0,0,0,1,1,1.0,1.0
1188,0,SpamAssasin,0,0,0,1,1,1.0,1.0
1189,0,SpamAssasin,0,0,0,1,1,1.0,1.0
1190,0,SpamAssasin,0,0,0,1,1,1.0,1.0
1191,0,SpamAssasin,0,0,0,1,1,1.0,1.0
1192,0,SpamAssasin,0,0,0,1,1,1.0,1.0
1193,0,SpamAssasin,0,0,0,1,1,1.0,1.0
1194,0,SpamAssasin,0,0,0,1,1,1.0,1.0
1195,0,SpamAssasin,0,0,0,1,1,1.0,1.0
1196,0,SpamAssasin,0,0,0,1,1,1.0,1.0
1197,0,SpamAssasin,0,0,0,1,1,1.0,1.0
1198,0,SpamAssasin,0,0,0,1,1,1.0,1.0
1199,0,SpamAssasin,0,0,0,1,1,1.0,1.0
1200,0,SpamAssasin,0,0,0,1,1,1.0,1.0
1201,0,SpamAssasin,0,0,0,1,1,1.0,1.0
1202,0,SpamAssasin,0,0,0,1,1,1.0,1.0
1203,0,SpamAssasin,0,0,0,1,1,1.0,1.0
1204,0,SpamAssasin,0,0,0,1,1,1.0,1.0
1205,0,SpamAssasin,0,0,0,1,1,1.0,1.0
1206,0,SpamAssasin,0,0,0,1,1,1.0,1.0
1207,0,SpamAssasin,0,0,0,1,1,1.0,1.0
1208,0,SpamAssasin,0,0,0,1,1,1.0,1.0
1209,0,SpamAssasin,0,0,0,1,1,1.0,1.0
1210,0,SpamAssasin,0,0,0,1,1,1.0,1.0
1211,0,SpamAssasin,0,0,0,1,1,1.0,1.0
1212,0,SpamAssasin,0,0,0,1,1,1.0,1.0
1213,0,SpamAssasin,0,0,0,1,1,1.0,1.0
1214,0,SpamAssasin,0,0,0,1,1,1.0,1.0
1215,0,SpamAssasin,0,0,0,1,1,1.0,1.0
1216,0,SpamAssasin,0,0,0,1,1,1.0,1.0
1217,0,SpamAssasin,0,0,0,1,1,1.0,1.0
1218,0,SpamAssasin,0,0,0,1,1,1.0,1.0
1219,0,SpamAssasin,0,0,0,1,1,1.0,1.0
1220,0,SpamAssasin,0,0,0,1,1,1.0,1.0
1221,0,SpamAssasin,0,0,0,1,1,1.0,1.0
1222,0,SpamAssasin,0,0,0,1,1,1.0,1.0
1223,0,SpamAssasin,0,0,0,1,1,1.0,1.0
1224,0,SpamAssasin,0,0,0,1,1,1.0,1.0
1225,0,SpamAssasin,0,0,0,1,1,1.0,1.0
1226,0,SpamAssasin,0,0,0,1,1,1.0,1.0
1227,0,SpamAssasin,0,0,0,1,1,1.0,1.0
1228,0,SpamAssasin,0,0,0,1,1,1.0,1.0
1229,0,SpamAssasin,0,0,0,1,1,1.0,1.0
1230,0,SpamAssasin,0,0,0,1,1,1.0,1.0
1231,0,SpamAssasin,0,0,0,1,1,1.0,1.0
1232,0,SpamAssasin,0,0,0,1,1,1.0,1.0
1233,0,SpamAssasin,0,0,0,1,1,1.0,1.0
1234,0,SpamAssasin,0,0,0,1,1,1.0,1.0
1235,0,SpamAssasin,0,0,0,1,1,1.0,1.0
1236,0,SpamAssasin,0,0,0,1,1,1.0,1.0
1237,0,SpamAssasin,0,0,0,1,1,1.0,1.0
1238,0,SpamAssasin,0,0,0,1,1,1.0,1.0
1239,0,SpamAssasin,0,0,0,1,1,1.0,1.0
1240,0,SpamAssasin,0,0,0,1,1,1.0,1.0
1241,0,SpamAssasin,0,0,0,1,1,1.0,1.0
1242,0,SpamAssasin,0,0,0,1,1,1.0,1.0
1243,0,SpamAssasin,0,0,0,1,1,1.0,1.0
1244,0,SpamAssasin,0,0,0,1,1,1.0,1.0
1245,0,SpamAssasin,0,0,0,1,1,1.0,1.0
1246,0,SpamAssasin,0,0,0,1,1,1.0,1.0
1247,0,SpamAssasin,0,0,0,1,1,1.0,1.0
1248,0,SpamAssasin,0,0,0,1,1,1.0,1.0
1249,0,SpamAssasin,0,0,0,1,1,1.0,1.0
1250,0,SpamAssasin,0,0,0,1,1,1.0,1.0
1251,0,SpamAssasin,0,0,0,1,1,1.0,1.0
1252,0,SpamAssasin,0,0,0,1,1,1.0,1.0
1253,0,SpamAssasin,0,0,0,1,1,1.0,1.0
1254,0,SpamAssasin,0,0,0,1,1,1.0,1.0
1255,0,SpamAssasin,0,0,0,1,1,1.0,1.0
1256,0,SpamAssasin,0,0,0,1,1,1.0,1.0
1257,0,SpamAssasin,0,0,0,1,1,1.0,1.0
1258,0,SpamAssasin,0,0,0,1,1,1.0,1.0
1259,0,SpamAssasin,0,0,0,1,1,1.0,1.0
1260,0,SpamAssasin,0,0,0,1,1,1.0,1.0
1261,0,SpamAssasin,0,0,0,1,1,1.0,1.0
1262,0,SpamAssasin,0,0,0,1,1,1.0,1.0
1263,0,SpamAssasin,0,0,0,1,1,1.0,1.0
1264,0,SpamAssasin,0,0,0,1,1,1.0,1.0
1265,0,SpamAssasin,0,0,0,1,1,1.0,1.0
1266,0,SpamAssasin,0,0,0,1,1,1.0,1.0
1267,0,SpamAssasin,0,0,0,1,1,1.0,1.0
1268,0,SpamAssasin,0,0,0,1,1,1.0,1.0
1269,0,SpamAssasin,0,0,0,1,1,1.0,1.0
1270,0,SpamAssasin,0,0,0,1,1,1.0,1.0
1271,0,SpamAssasin,0,0,0,1,1,1.0,1.0
1272,0,SpamAssasin,0,0,0,1,1,1.0,1.0
1273,0,SpamAssasin,0,0,0,1,1,1.0,1.0
1274,0,SpamAssasin,0,0,0,1,1,1.0,1.0
1275,0,SpamAssasin,0,0,0,1,1,1.0,1.0
1276,0,SpamAssasin,0,0,0,1,1,1.0,1.0
1277,0,SpamAssasin,0,0,0,1,1,1.0,1.0
1278,0,SpamAssasin,0,0,0,1,1,1.0,1.0
1279,0,SpamAssasin,0,0,0,1,1,1.0,1.0
1280,0,SpamAssasin,0,0,0,1,1,1.0,1.0
1281,0,SpamAssasin,0,0,0,1,1,1.0,1.0
1282,0,SpamAssasin,0,0,0,1,1,1.0,1.0
1283,0,SpamAssasin,0,0,0,1,1,1.0,1.0
1284,0,SpamAssasin,0,0,0,1,1,1.0,1.0
1285,0,SpamAssasin,0,0,0,1,1,1.0,1.0
1286,0,SpamAssasin,0,0,0,1,1,1.0,1.0
1287,0,SpamAssasin,0,0,0,1,1,1.0,1.0
1288,0,SpamAssasin,0,0,0,1,1,1.0,1.0
1289,0,SpamAssasin,0,0,0,1,1,1.0,1.0
1290,0,SpamAssasin,0,0,0,1,1,1.0,1.0
1291,0,SpamAssasin,0,0,0,1,1,1.0,1.0
1292,0,SpamAssasin,0,0,0,1,1,1.0,1.0
1293,0,SpamAssasin,0,0,0,1,1,1.0,1.0
1294,0,SpamAssasin,0,0,0,1,1,1.0,1.0
1295,0,SpamAssasin,0,0,0,1,1,1.0,1.0
1296,0,SpamAssasin,0,0,0,1,1,1.0,1.0
1297,0,SpamAssasin,0,0,0,1,1,1.0,1.0
1298,0,SpamAssasin,0,0,0,1,1,1.0,1.0
1299,0,SpamAssasin,0,0,0,1,1,1.0,1.0
